-- FULL DATA SEED BACKUP
-- Generated: 2026-05-13T13:18:14.287Z

SET session_replication_role = 'replica'; -- Disable triggers and FK checks temporarily

-- Data for table: vehicle_templates
DELETE FROM vehicle_templates;
INSERT INTO vehicle_templates (id, slug, brand, model, year, category, transmission, fuel_type, seats, luggage_capacity, description, features, published_status, created_at, updated_at, engine_size, doors, air_conditioning, default_thumbnail, sort_order, tags, rating, has_hifi, has_bluetooth, has_usb, has_apple_carplay, has_android_auto, airbag_count, luggage_large, luggage_small, marketing_strikethrough_price, fixed_discount_amount, percentage_discount_rate, long_term_threshold_days, long_term_discount_percent) VALUES ('cb71456f-ba93-4fb6-8540-04957d30d370', NULL, 'Honda', 'Jazz', NULL, 'Compact', NULL, NULL, 5, NULL, 'The Honda Jazz combines versatility with a smooth ride, making it a favorite for small families seeking comfort and reliability.', '{"ac":"A/C Full","bags":"2 Bags","fuel":"Petrol","baby_seat":true,"transmission":"Auto"}', 'published', '2026-05-09T20:45:23.787949+00:00', '2026-05-09T20:45:23.787949+00:00', NULL, NULL, true, '/assets/honda_jazz.png', 0, '[]', 5, true, true, true, false, false, 2, 2, 1, NULL, 0, 0, 5, 0);
INSERT INTO vehicle_templates (id, slug, brand, model, year, category, transmission, fuel_type, seats, luggage_capacity, description, features, published_status, created_at, updated_at, engine_size, doors, air_conditioning, default_thumbnail, sort_order, tags, rating, has_hifi, has_bluetooth, has_usb, has_apple_carplay, has_android_auto, airbag_count, luggage_large, luggage_small, marketing_strikethrough_price, fixed_discount_amount, percentage_discount_rate, long_term_threshold_days, long_term_discount_percent) VALUES ('dcf2c4f7-24fb-478b-b7a6-1a8abf1abcb0', NULL, 'Hyundai', 'Accent', NULL, 'Sedan', NULL, NULL, 5, NULL, 'Stylish and refined, the Hyundai Accent provides a premium sedan experience with advanced features for a comfortable island stay.', '{"ac":"A/C Full","bags":"2 Bags","fuel":"Petrol","baby_seat":true,"transmission":"Auto"}', 'published', '2026-05-09T20:45:23.787949+00:00', '2026-05-09T20:45:23.787949+00:00', NULL, NULL, true, '/assets/hyundai_accent.png', 0, '[]', 5, true, true, true, false, false, 2, 2, 1, NULL, 0, 0, 5, 0);
INSERT INTO vehicle_templates (id, slug, brand, model, year, category, transmission, fuel_type, seats, luggage_capacity, description, features, published_status, created_at, updated_at, engine_size, doors, air_conditioning, default_thumbnail, sort_order, tags, rating, has_hifi, has_bluetooth, has_usb, has_apple_carplay, has_android_auto, airbag_count, luggage_large, luggage_small, marketing_strikethrough_price, fixed_discount_amount, percentage_discount_rate, long_term_threshold_days, long_term_discount_percent) VALUES ('058b1dd6-4090-4fe5-9aba-7442f0a10c83', NULL, 'Hyundai', 'Grand i10', NULL, 'Economy', NULL, NULL, 5, NULL, 'Perfect for city driving, the Hyundai Grand i10 offers surprising space and exceptional fuel economy for your island explorations.', '{"ac":"A/C Full","bags":"1 Bag","fuel":"Petrol","baby_seat":true,"transmission":"Auto"}', 'published', '2026-05-09T20:45:23.787949+00:00', '2026-05-09T20:45:23.787949+00:00', NULL, NULL, true, '/assets/hyundai_i10.png', 0, '[]', 5, true, true, true, false, false, 2, 2, 1, NULL, 0, 0, 5, 0);
INSERT INTO vehicle_templates (id, slug, brand, model, year, category, transmission, fuel_type, seats, luggage_capacity, description, features, published_status, created_at, updated_at, engine_size, doors, air_conditioning, default_thumbnail, sort_order, tags, rating, has_hifi, has_bluetooth, has_usb, has_apple_carplay, has_android_auto, airbag_count, luggage_large, luggage_small, marketing_strikethrough_price, fixed_discount_amount, percentage_discount_rate, long_term_threshold_days, long_term_discount_percent) VALUES ('e7eefdd2-445f-4fe8-918c-0bfb9854ca9d', NULL, 'Mercedes', 'C-Class', NULL, 'Luxury', NULL, NULL, 5, NULL, 'Elegance meets performance. The Mercedes C-Class offers a smooth and sophisticated ride for discerning travelers.', '{"ac":"A/C Full","bags":"3 Bags","fuel":"Petrol","baby_seat":true,"transmission":"Auto"}', 'published', '2026-05-09T20:45:23.787949+00:00', '2026-05-09T20:45:23.787949+00:00', NULL, NULL, true, '/assets/mercedes_cclass.png', 0, '[]', 5, true, true, true, false, false, 2, 2, 1, NULL, 0, 0, 5, 0);
INSERT INTO vehicle_templates (id, slug, brand, model, year, category, transmission, fuel_type, seats, luggage_capacity, description, features, published_status, created_at, updated_at, engine_size, doors, air_conditioning, default_thumbnail, sort_order, tags, rating, has_hifi, has_bluetooth, has_usb, has_apple_carplay, has_android_auto, airbag_count, luggage_large, luggage_small, marketing_strikethrough_price, fixed_discount_amount, percentage_discount_rate, long_term_threshold_days, long_term_discount_percent) VALUES ('01da5b74-af0e-4cb2-98eb-3932327cbd67', NULL, 'BMW', '3 Series', NULL, 'Luxury', NULL, NULL, 5, NULL, 'Experience the island with the prestige and power of a BMW. Pure performance and premium comfort.', '{"ac":"Dual Zone A/C","bags":"3 Large","fuel":"Petrol","baby_seat":false,"transmission":"Automatic"}', 'draft', '2026-05-09T20:45:23.787949+00:00', '2026-05-09T20:45:23.787949+00:00', NULL, NULL, true, 'https://images.unsplash.com/photo-1555215695-3004980ad54e?auto=format&fit=crop&q=80&w=800', 0, '[]', 5, true, true, true, false, false, 2, 2, 1, NULL, 0, 0, 5, 0);
INSERT INTO vehicle_templates (id, slug, brand, model, year, category, transmission, fuel_type, seats, luggage_capacity, description, features, published_status, created_at, updated_at, engine_size, doors, air_conditioning, default_thumbnail, sort_order, tags, rating, has_hifi, has_bluetooth, has_usb, has_apple_carplay, has_android_auto, airbag_count, luggage_large, luggage_small, marketing_strikethrough_price, fixed_discount_amount, percentage_discount_rate, long_term_threshold_days, long_term_discount_percent) VALUES ('047e50c8-31c3-4ac0-95bc-effa8bfa89cb', NULL, 'Kia', 'Picanto', NULL, 'Budget', NULL, NULL, 4, NULL, 'The ultimate island explorer. Compact, fuel-efficient, and easy to park anywhere in Mauritius.', '{"ac":"Full A/C","bags":"1 Large","fuel":"Petrol","baby_seat":true,"transmission":"Automatic"}', 'published', '2026-05-09T20:45:23.787949+00:00', '2026-05-09T20:45:23.787949+00:00', NULL, NULL, true, '/assets/kia_picanto.png', 0, '[]', 5, true, true, true, false, false, 2, 2, 1, NULL, 0, 0, 5, 0);
INSERT INTO vehicle_templates (id, slug, brand, model, year, category, transmission, fuel_type, seats, luggage_capacity, description, features, published_status, created_at, updated_at, engine_size, doors, air_conditioning, default_thumbnail, sort_order, tags, rating, has_hifi, has_bluetooth, has_usb, has_apple_carplay, has_android_auto, airbag_count, luggage_large, luggage_small, marketing_strikethrough_price, fixed_discount_amount, percentage_discount_rate, long_term_threshold_days, long_term_discount_percent) VALUES ('7f96179a-af7e-4380-b69b-b8520954c30c', NULL, 'Honda', 'Fit', NULL, 'Hybrid', NULL, NULL, 5, NULL, 'Modern hybrid technology for a silent and fuel-efficient journey. Ideal for eco-conscious travelers.', '{"ac":"Full A/C","bags":"2 Large","fuel":"Hybrid","baby_seat":true,"transmission":"Automatic"}', 'published', '2026-05-09T20:45:23.787949+00:00', '2026-05-09T20:45:23.787949+00:00', NULL, NULL, true, '/assets/honda_fit.jpg', 0, '[]', 5, true, true, true, false, false, 2, 2, 1, NULL, 0, 0, 5, 0);
INSERT INTO vehicle_templates (id, slug, brand, model, year, category, transmission, fuel_type, seats, luggage_capacity, description, features, published_status, created_at, updated_at, engine_size, doors, air_conditioning, default_thumbnail, sort_order, tags, rating, has_hifi, has_bluetooth, has_usb, has_apple_carplay, has_android_auto, airbag_count, luggage_large, luggage_small, marketing_strikethrough_price, fixed_discount_amount, percentage_discount_rate, long_term_threshold_days, long_term_discount_percent) VALUES ('3c0187e4-2731-4299-a63d-8acb74465ea7', NULL, 'Hyundai', 'i20', NULL, 'Compact', NULL, NULL, 5, NULL, 'A modern hatchback with a premium feel and advanced safety features for your peace of mind.', '{"ac":"A/C Full","bags":"2 Bags","fuel":"Petrol","baby_seat":true,"transmission":"Auto"}', 'published', '2026-05-09T20:45:23.787949+00:00', '2026-05-09T20:45:23.787949+00:00', NULL, NULL, true, '/assets/hyundai_i20.jpg', 0, '[]', 5, true, true, true, false, false, 2, 2, 1, NULL, 0, 0, 5, 0);
INSERT INTO vehicle_templates (id, slug, brand, model, year, category, transmission, fuel_type, seats, luggage_capacity, description, features, published_status, created_at, updated_at, engine_size, doors, air_conditioning, default_thumbnail, sort_order, tags, rating, has_hifi, has_bluetooth, has_usb, has_apple_carplay, has_android_auto, airbag_count, luggage_large, luggage_small, marketing_strikethrough_price, fixed_discount_amount, percentage_discount_rate, long_term_threshold_days, long_term_discount_percent) VALUES ('9e2a6158-d0ee-4b8d-8e03-71fe872ad806', NULL, 'Kia', 'Sportage', NULL, 'SUV', NULL, NULL, 5, NULL, 'The perfect family SUV for exploring the Black River Gorges or cruising the coastal roads with ease.', '{"ac":"Full A/C","bags":"4 Large","fuel":"Petrol","baby_seat":true,"transmission":"Automatic"}', 'published', '2026-05-09T20:45:23.787949+00:00', '2026-05-09T20:45:23.787949+00:00', NULL, NULL, true, '/assets/kia_sportage_gt.png', 0, '[]', 5, true, true, true, false, false, 2, 2, 1, NULL, 0, 0, 5, 0);
INSERT INTO vehicle_templates (id, slug, brand, model, year, category, transmission, fuel_type, seats, luggage_capacity, description, features, published_status, created_at, updated_at, engine_size, doors, air_conditioning, default_thumbnail, sort_order, tags, rating, has_hifi, has_bluetooth, has_usb, has_apple_carplay, has_android_auto, airbag_count, luggage_large, luggage_small, marketing_strikethrough_price, fixed_discount_amount, percentage_discount_rate, long_term_threshold_days, long_term_discount_percent) VALUES ('cd842dda-ddfe-4c8d-8db0-361f1ddd937e', NULL, 'Kia', 'Sportage GT-Line', NULL, 'Luxury Edition', NULL, NULL, 5, NULL, 'The pinnacle of the Sportage range, the GT-Line offers unmatched luxury and advanced hybrid efficiency.', '{"ac":"A/C Full","bags":"3 Bags","fuel":"Hybrid","baby_seat":true,"transmission":"Auto"}', 'published', '2026-05-09T20:45:23.787949+00:00', '2026-05-09T20:45:23.787949+00:00', NULL, NULL, true, '/assets/kia_sportage_gt.png', 0, '[]', 5, true, true, true, false, false, 2, 2, 1, NULL, 0, 0, 5, 0);
INSERT INTO vehicle_templates (id, slug, brand, model, year, category, transmission, fuel_type, seats, luggage_capacity, description, features, published_status, created_at, updated_at, engine_size, doors, air_conditioning, default_thumbnail, sort_order, tags, rating, has_hifi, has_bluetooth, has_usb, has_apple_carplay, has_android_auto, airbag_count, luggage_large, luggage_small, marketing_strikethrough_price, fixed_discount_amount, percentage_discount_rate, long_term_threshold_days, long_term_discount_percent) VALUES ('051f313f-1c76-4a59-b771-b191f9480c57', NULL, 'Audi', 'A4', NULL, 'Luxury', NULL, NULL, 5, NULL, 'Progressive design and advanced technology. The Audi A4 provides a refined driving experience for any occasion.', '{"ac":"A/C Full","bags":"3 Bags","fuel":"Petrol","baby_seat":true,"transmission":"Auto"}', 'published', '2026-05-09T20:45:23.787949+00:00', '2026-05-09T20:45:23.787949+00:00', NULL, NULL, true, '/assets/audi_a4.png', 0, '["luxury"]', 5, true, true, true, true, true, 2, 2, 1, 3500, 10, NULL, 5, 10);
INSERT INTO vehicle_templates (id, slug, brand, model, year, category, transmission, fuel_type, seats, luggage_capacity, description, features, published_status, created_at, updated_at, engine_size, doors, air_conditioning, default_thumbnail, sort_order, tags, rating, has_hifi, has_bluetooth, has_usb, has_apple_carplay, has_android_auto, airbag_count, luggage_large, luggage_small, marketing_strikethrough_price, fixed_discount_amount, percentage_discount_rate, long_term_threshold_days, long_term_discount_percent) VALUES ('72d71af9-eaa9-45c7-87a5-8b4d8b6cc9f8', NULL, 'BMW', 'X3 M40i', NULL, 'Premium', NULL, NULL, 5, NULL, 'Experience high-performance luxury with the BMW X3 M40i. Perfect for those who demand power and comfort on every journey.', '{"ac":"A/C Full","bags":"2 Bags","fuel":"Petrol","baby_seat":true,"transmission":"Auto"}', 'published', '2026-05-09T20:45:23.787949+00:00', '2026-05-09T20:45:23.787949+00:00', NULL, NULL, true, '/assets/bmw_x3.png', 0, '["sporty"]', 5, true, true, true, false, false, 2, 2, 1, NULL, 0, 0, 5, 0);
INSERT INTO vehicle_templates (id, slug, brand, model, year, category, transmission, fuel_type, seats, luggage_capacity, description, features, published_status, created_at, updated_at, engine_size, doors, air_conditioning, default_thumbnail, sort_order, tags, rating, has_hifi, has_bluetooth, has_usb, has_apple_carplay, has_android_auto, airbag_count, luggage_large, luggage_small, marketing_strikethrough_price, fixed_discount_amount, percentage_discount_rate, long_term_threshold_days, long_term_discount_percent) VALUES ('696ae1dd-9e37-4629-b978-ab6a06343129', NULL, 'Citroen', 'C1', NULL, 'Economy', NULL, NULL, 4, NULL, 'Fun, funky and incredibly easy to drive. The Citroen C1 is the perfect city companion.', '{"ac":"A/C Full","bags":"1 Bag","fuel":"Petrol","baby_seat":false,"transmission":"Manual"}', 'published', '2026-05-09T20:45:23.787949+00:00', '2026-05-09T20:45:23.787949+00:00', NULL, NULL, true, '/assets/citroen_c1.png', 0, '[]', 5, true, true, true, false, false, 2, 2, 1, 2200, 10, 10, 5, 0);
INSERT INTO vehicle_templates (id, slug, brand, model, year, category, transmission, fuel_type, seats, luggage_capacity, description, features, published_status, created_at, updated_at, engine_size, doors, air_conditioning, default_thumbnail, sort_order, tags, rating, has_hifi, has_bluetooth, has_usb, has_apple_carplay, has_android_auto, airbag_count, luggage_large, luggage_small, marketing_strikethrough_price, fixed_discount_amount, percentage_discount_rate, long_term_threshold_days, long_term_discount_percent) VALUES ('8dc05776-1f74-4fbf-84d4-89c563fcb602', NULL, 'Kia', 'Rio', NULL, 'Compact', NULL, NULL, 5, NULL, 'A stylish and well-equipped hatchback that offers a great balance of comfort and technology.', '{"ac":"A/C Full","bags":"2 Bags","fuel":"Petrol","baby_seat":true,"transmission":"Auto"}', 'published', '2026-05-09T20:45:23.787949+00:00', '2026-05-09T20:45:23.787949+00:00', NULL, NULL, true, '/assets/kia_rio.jpg', 0, '[]', 5, true, true, true, false, false, 2, 2, 1, NULL, 0, 0, 5, 0);
INSERT INTO vehicle_templates (id, slug, brand, model, year, category, transmission, fuel_type, seats, luggage_capacity, description, features, published_status, created_at, updated_at, engine_size, doors, air_conditioning, default_thumbnail, sort_order, tags, rating, has_hifi, has_bluetooth, has_usb, has_apple_carplay, has_android_auto, airbag_count, luggage_large, luggage_small, marketing_strikethrough_price, fixed_discount_amount, percentage_discount_rate, long_term_threshold_days, long_term_discount_percent) VALUES ('9d53bca8-1bb7-47ca-80ea-943581da9342', NULL, 'Kia', 'Cerato Koup', NULL, 'Coupe', NULL, NULL, 5, NULL, 'Sporty and sleek, the Kia Cerato Koup is for those who enjoy a bit of style and performance on their holiday.', '{"ac":"A/C Full","bags":"2 Bags","fuel":"Petrol","baby_seat":false,"transmission":"Auto"}', 'published', '2026-05-09T20:45:23.787949+00:00', '2026-05-09T20:45:23.787949+00:00', NULL, NULL, true, '/assets/kia_cerato.jpg', 0, '[]', 5, true, true, true, false, false, 2, 2, 1, NULL, 0, 0, 5, 0);
INSERT INTO vehicle_templates (id, slug, brand, model, year, category, transmission, fuel_type, seats, luggage_capacity, description, features, published_status, created_at, updated_at, engine_size, doors, air_conditioning, default_thumbnail, sort_order, tags, rating, has_hifi, has_bluetooth, has_usb, has_apple_carplay, has_android_auto, airbag_count, luggage_large, luggage_small, marketing_strikethrough_price, fixed_discount_amount, percentage_discount_rate, long_term_threshold_days, long_term_discount_percent) VALUES ('e677f382-2475-4ec2-8749-7b38100d6805', NULL, 'Mini', 'Cooper', NULL, 'Premium', NULL, NULL, 4, NULL, 'Iconic design and go-kart handling. Make a statement as you drive around Mauritius in this legendary compact.', '{"ac":"A/C Full","bags":"1 Bag","fuel":"Petrol","baby_seat":false,"transmission":"Auto"}', 'published', '2026-05-09T20:45:23.787949+00:00', '2026-05-09T20:45:23.787949+00:00', NULL, NULL, true, '/assets/mini_cooper.jpg', 0, '[]', 5, true, true, true, false, false, 2, 2, 1, NULL, 0, 0, 5, 0);
INSERT INTO vehicle_templates (id, slug, brand, model, year, category, transmission, fuel_type, seats, luggage_capacity, description, features, published_status, created_at, updated_at, engine_size, doors, air_conditioning, default_thumbnail, sort_order, tags, rating, has_hifi, has_bluetooth, has_usb, has_apple_carplay, has_android_auto, airbag_count, luggage_large, luggage_small, marketing_strikethrough_price, fixed_discount_amount, percentage_discount_rate, long_term_threshold_days, long_term_discount_percent) VALUES ('47141c66-d2de-4e61-b141-2757b083f2ce', NULL, 'Porsche', 'Cayenne', NULL, 'Elite', NULL, NULL, 5, NULL, 'The pinnacle of luxury SUVs. Commands respect on every road with its legendary performance and presence.', '{"ac":"Four Zone A/C","bags":"5 Large","fuel":"Petrol","baby_seat":true,"transmission":"Automatic"}', 'published', '2026-05-09T20:45:23.787949+00:00', '2026-05-09T20:45:23.787949+00:00', NULL, NULL, true, 'https://images.unsplash.com/photo-1503376780353-7e6692767b70?auto=format&fit=crop&q=80&w=800', 0, '[]', 5, true, true, true, false, false, 2, 2, 1, NULL, 0, 0, 5, 0);
INSERT INTO vehicle_templates (id, slug, brand, model, year, category, transmission, fuel_type, seats, luggage_capacity, description, features, published_status, created_at, updated_at, engine_size, doors, air_conditioning, default_thumbnail, sort_order, tags, rating, has_hifi, has_bluetooth, has_usb, has_apple_carplay, has_android_auto, airbag_count, luggage_large, luggage_small, marketing_strikethrough_price, fixed_discount_amount, percentage_discount_rate, long_term_threshold_days, long_term_discount_percent) VALUES ('60d804ce-e7ab-4550-b0fa-70a14d6495f6', NULL, 'Suzuki', 'Celerio', NULL, 'Economy', NULL, NULL, 5, NULL, 'Simple and efficient. The Suzuki Celerio is one of the most economical choices for getting around the island.', '{"ac":"A/C Full","bags":"1 Bag","fuel":"Petrol","baby_seat":false,"transmission":"Manual"}', 'published', '2026-05-09T20:45:23.787949+00:00', '2026-05-09T20:45:23.787949+00:00', NULL, NULL, true, '/assets/suzuki_celerio.png', 0, '[]', 5, true, true, true, false, false, 2, 2, 1, NULL, 0, 0, 5, 0);
INSERT INTO vehicle_templates (id, slug, brand, model, year, category, transmission, fuel_type, seats, luggage_capacity, description, features, published_status, created_at, updated_at, engine_size, doors, air_conditioning, default_thumbnail, sort_order, tags, rating, has_hifi, has_bluetooth, has_usb, has_apple_carplay, has_android_auto, airbag_count, luggage_large, luggage_small, marketing_strikethrough_price, fixed_discount_amount, percentage_discount_rate, long_term_threshold_days, long_term_discount_percent) VALUES ('66f83d66-3fc0-4a10-bb9c-785ec62bfdcd', NULL, 'Toyota', 'Avanza', NULL, 'MPV', NULL, NULL, 7, NULL, 'Spacious and practical, the Toyota Avanza is a versatile 7-seater perfect for larger families or groups.', '{"ac":"A/C Full","bags":"2 Bags","fuel":"Petrol","baby_seat":true,"transmission":"Auto"}', 'published', '2026-05-09T20:45:23.787949+00:00', '2026-05-09T20:45:23.787949+00:00', NULL, NULL, true, '/assets/toyota_avanza.png', 0, '[]', 5, true, true, true, false, false, 2, 2, 1, NULL, 0, 0, 5, 0);
INSERT INTO vehicle_templates (id, slug, brand, model, year, category, transmission, fuel_type, seats, luggage_capacity, description, features, published_status, created_at, updated_at, engine_size, doors, air_conditioning, default_thumbnail, sort_order, tags, rating, has_hifi, has_bluetooth, has_usb, has_apple_carplay, has_android_auto, airbag_count, luggage_large, luggage_small, marketing_strikethrough_price, fixed_discount_amount, percentage_discount_rate, long_term_threshold_days, long_term_discount_percent) VALUES ('f99cca9a-d05f-4279-9f84-f32c56586a25', NULL, 'Suzuki', 'Dzire', NULL, 'Economy', NULL, NULL, 5, NULL, 'A smooth sedan offering excellent comfort for family trips. Reliable and spacious enough for all your luggage.', '{"ac":"Full A/C","bags":"2 Large","fuel":"Petrol","baby_seat":true,"transmission":"Automatic"}', 'published', '2026-05-09T20:45:23.787949+00:00', '2026-05-09T20:45:23.787949+00:00', NULL, NULL, true, '/assets/suzuki_dzire.png', 0, '[]', 5, true, true, true, false, false, 2, 2, 1, NULL, 0, 0, 5, 0);
INSERT INTO vehicle_templates (id, slug, brand, model, year, category, transmission, fuel_type, seats, luggage_capacity, description, features, published_status, created_at, updated_at, engine_size, doors, air_conditioning, default_thumbnail, sort_order, tags, rating, has_hifi, has_bluetooth, has_usb, has_apple_carplay, has_android_auto, airbag_count, luggage_large, luggage_small, marketing_strikethrough_price, fixed_discount_amount, percentage_discount_rate, long_term_threshold_days, long_term_discount_percent) VALUES ('00a865b8-1437-448c-b729-1657686ec5ac', NULL, 'Nissan', 'Micra', NULL, 'Economy', NULL, NULL, 5, NULL, 'Nimble and easy to park, the Nissan Micra is ideal for coastal drives and navigating busy town centers.', '{"ac":"A/C Full","bags":"1 Bag","fuel":"Petrol","baby_seat":true,"transmission":"Auto"}', 'published', '2026-05-09T20:45:23.787949+00:00', '2026-05-09T20:45:23.787949+00:00', '1.3L', NULL, true, '/assets/nissan_micra.png', 0, '[]', 5, true, true, true, false, false, 2, 2, 1, 1500, 10, 10, 5, 10);
INSERT INTO vehicle_templates (id, slug, brand, model, year, category, transmission, fuel_type, seats, luggage_capacity, description, features, published_status, created_at, updated_at, engine_size, doors, air_conditioning, default_thumbnail, sort_order, tags, rating, has_hifi, has_bluetooth, has_usb, has_apple_carplay, has_android_auto, airbag_count, luggage_large, luggage_small, marketing_strikethrough_price, fixed_discount_amount, percentage_discount_rate, long_term_threshold_days, long_term_discount_percent) VALUES ('f6e6a134-cc4d-40ef-9d6f-414a09bd8cd1', NULL, 'Mitsubishi', 'Attrage', NULL, 'Sedan', NULL, NULL, 5, NULL, 'A practical and reliable sedan with excellent fuel economy. Perfect for daily commuting or island tours.', '{"ac":"A/C Full","bags":"2 Bags","fuel":"Petrol","baby_seat":true,"transmission":"Auto"}', 'published', '2026-05-09T20:45:23.787949+00:00', '2026-05-09T20:45:23.787949+00:00', NULL, NULL, true, '/assets/mitsubishi_attrage.jpg', 0, '[]', 5, true, true, true, false, false, 2, 2, 1, NULL, 0, 0, 5, 0);
INSERT INTO vehicle_templates (id, slug, brand, model, year, category, transmission, fuel_type, seats, luggage_capacity, description, features, published_status, created_at, updated_at, engine_size, doors, air_conditioning, default_thumbnail, sort_order, tags, rating, has_hifi, has_bluetooth, has_usb, has_apple_carplay, has_android_auto, airbag_count, luggage_large, luggage_small, marketing_strikethrough_price, fixed_discount_amount, percentage_discount_rate, long_term_threshold_days, long_term_discount_percent) VALUES ('27d430f1-c2b0-479e-a464-c5175c3f70cd', NULL, 'Mitsubishi', 'Xpander', NULL, 'MPV', NULL, NULL, 7, NULL, 'Modern styling and a spacious interior make the Mitsubishi Xpander a top choice for family road trips.', '{"ac":"A/C Full","bags":"3 Bags","fuel":"Petrol","baby_seat":true,"transmission":"Auto"}', 'published', '2026-05-09T20:45:23.787949+00:00', '2026-05-09T20:45:23.787949+00:00', NULL, NULL, true, '/assets/mitsubishi_xpander.jpg', 0, '[]', 5, true, true, true, false, false, 2, 2, 1, NULL, 0, 0, 5, 0);
INSERT INTO vehicle_templates (id, slug, brand, model, year, category, transmission, fuel_type, seats, luggage_capacity, description, features, published_status, created_at, updated_at, engine_size, doors, air_conditioning, default_thumbnail, sort_order, tags, rating, has_hifi, has_bluetooth, has_usb, has_apple_carplay, has_android_auto, airbag_count, luggage_large, luggage_small, marketing_strikethrough_price, fixed_discount_amount, percentage_discount_rate, long_term_threshold_days, long_term_discount_percent) VALUES ('8b56f052-828c-41ec-9ae9-4cdea9d50f52', NULL, 'Nissan', 'Qashqai', NULL, 'SUV', NULL, NULL, 5, NULL, 'The original crossover. Combining the best of a hatchback and an SUV for a confident driving experience.', '{"ac":"A/C Full","bags":"3 Bags","fuel":"Diesel","baby_seat":true,"transmission":"Auto"}', 'published', '2026-05-09T20:45:23.787949+00:00', '2026-05-09T20:45:23.787949+00:00', NULL, NULL, true, '/assets/nissan_qashqai.jpg', 0, '[]', 5, true, true, true, false, false, 2, 2, 1, NULL, 0, 0, 5, 0);
INSERT INTO vehicle_templates (id, slug, brand, model, year, category, transmission, fuel_type, seats, luggage_capacity, description, features, published_status, created_at, updated_at, engine_size, doors, air_conditioning, default_thumbnail, sort_order, tags, rating, has_hifi, has_bluetooth, has_usb, has_apple_carplay, has_android_auto, airbag_count, luggage_large, luggage_small, marketing_strikethrough_price, fixed_discount_amount, percentage_discount_rate, long_term_threshold_days, long_term_discount_percent) VALUES ('4837a2d5-875e-451d-97e8-eed5d70a025a', NULL, 'Perodua', 'Axia', NULL, 'Economy', NULL, NULL, 5, NULL, 'An ultra-compact and fuel-efficient choice for budget-conscious travelers.', '{"ac":"A/C Full","bags":"1 Bag","fuel":"Petrol","baby_seat":false,"transmission":"Auto"}', 'published', '2026-05-09T20:45:23.787949+00:00', '2026-05-09T20:45:23.787949+00:00', NULL, NULL, true, '/assets/perodua_axia.jpg', 0, '[]', 5, true, true, true, false, false, 2, 2, 1, NULL, 0, 0, 5, 0);
INSERT INTO vehicle_templates (id, slug, brand, model, year, category, transmission, fuel_type, seats, luggage_capacity, description, features, published_status, created_at, updated_at, engine_size, doors, air_conditioning, default_thumbnail, sort_order, tags, rating, has_hifi, has_bluetooth, has_usb, has_apple_carplay, has_android_auto, airbag_count, luggage_large, luggage_small, marketing_strikethrough_price, fixed_discount_amount, percentage_discount_rate, long_term_threshold_days, long_term_discount_percent) VALUES ('308dbd20-9f30-4a9b-8a86-95dfd98fd86e', NULL, 'Perodua', 'Viva Elite', NULL, 'Economy', NULL, NULL, 5, NULL, 'Affordable and reliable city car, perfect for short trips and easy parking.', '{"ac":"A/C Full","bags":"1 Bag","fuel":"Petrol","baby_seat":false,"transmission":"Manual"}', 'published', '2026-05-09T20:45:23.787949+00:00', '2026-05-09T20:45:23.787949+00:00', NULL, NULL, true, '/assets/perodua_viva.jpg', 0, '[]', 5, true, true, true, false, false, 2, 2, 1, NULL, 0, 0, 5, 0);
INSERT INTO vehicle_templates (id, slug, brand, model, year, category, transmission, fuel_type, seats, luggage_capacity, description, features, published_status, created_at, updated_at, engine_size, doors, air_conditioning, default_thumbnail, sort_order, tags, rating, has_hifi, has_bluetooth, has_usb, has_apple_carplay, has_android_auto, airbag_count, luggage_large, luggage_small, marketing_strikethrough_price, fixed_discount_amount, percentage_discount_rate, long_term_threshold_days, long_term_discount_percent) VALUES ('636796a2-0d5e-4c08-83cb-92da54b82a8e', NULL, 'Suzuki', 'Ertiga', NULL, 'MPV', NULL, NULL, 7, NULL, 'A reliable and comfortable 7-seater that provides great value for families and groups.', '{"ac":"A/C Full","bags":"2 Bags","fuel":"Petrol","baby_seat":true,"transmission":"Auto"}', 'published', '2026-05-09T20:45:23.787949+00:00', '2026-05-09T20:45:23.787949+00:00', NULL, NULL, true, '/assets/suzuki_ertiga.jpg', 0, '[]', 5, true, true, true, false, false, 2, 2, 1, NULL, 0, 0, 5, 0);
INSERT INTO vehicle_templates (id, slug, brand, model, year, category, transmission, fuel_type, seats, luggage_capacity, description, features, published_status, created_at, updated_at, engine_size, doors, air_conditioning, default_thumbnail, sort_order, tags, rating, has_hifi, has_bluetooth, has_usb, has_apple_carplay, has_android_auto, airbag_count, luggage_large, luggage_small, marketing_strikethrough_price, fixed_discount_amount, percentage_discount_rate, long_term_threshold_days, long_term_discount_percent) VALUES ('46ef1357-2f1b-4309-8f46-b15bf7fe28a4', NULL, 'Toyota', 'Allion', NULL, 'Sedan', NULL, NULL, 5, NULL, 'A premium sedan that offers a smooth ride and a spacious interior for a more refined experience.', '{"ac":"A/C Full","bags":"2 Bags","fuel":"Petrol","baby_seat":true,"transmission":"Auto"}', 'published', '2026-05-09T20:45:23.787949+00:00', '2026-05-09T20:45:23.787949+00:00', NULL, NULL, true, '/assets/toyota_allion.jpg', 0, '[]', 5, true, true, true, false, false, 2, 2, 1, NULL, 0, 0, 5, 0);
INSERT INTO vehicle_templates (id, slug, brand, model, year, category, transmission, fuel_type, seats, luggage_capacity, description, features, published_status, created_at, updated_at, engine_size, doors, air_conditioning, default_thumbnail, sort_order, tags, rating, has_hifi, has_bluetooth, has_usb, has_apple_carplay, has_android_auto, airbag_count, luggage_large, luggage_small, marketing_strikethrough_price, fixed_discount_amount, percentage_discount_rate, long_term_threshold_days, long_term_discount_percent) VALUES ('e4f6c7e0-50b0-4a7c-a3e7-d4173a309abf', NULL, 'Toyota', 'Hilux', NULL, '4x4', NULL, NULL, 5, NULL, 'Rugged and reliable, the Toyota Hilux is built for adventure. Perfect for exploring off-the-beaten-path locations in Mauritius.', '{"ac":"A/C Full","bags":"4 Bags","fuel":"Diesel","baby_seat":false,"transmission":"Manual"}', 'published', '2026-05-09T20:45:23.787949+00:00', '2026-05-09T20:45:23.787949+00:00', NULL, NULL, true, '/assets/toyota_hilux.jpg', 0, '[]', 5, true, true, true, false, false, 2, 2, 1, NULL, 0, 0, 5, 0);
INSERT INTO vehicle_templates (id, slug, brand, model, year, category, transmission, fuel_type, seats, luggage_capacity, description, features, published_status, created_at, updated_at, engine_size, doors, air_conditioning, default_thumbnail, sort_order, tags, rating, has_hifi, has_bluetooth, has_usb, has_apple_carplay, has_android_auto, airbag_count, luggage_large, luggage_small, marketing_strikethrough_price, fixed_discount_amount, percentage_discount_rate, long_term_threshold_days, long_term_discount_percent) VALUES ('22e22d01-0c5e-4c46-9de0-0a7829d1e908', NULL, 'Toyota', 'Rush', NULL, 'SUV', NULL, NULL, 7, NULL, 'A compact SUV that offers high ground clearance and a commanding view of the road. Great for island exploration.', '{"ac":"A/C Full","bags":"3 Bags","fuel":"Petrol","baby_seat":true,"transmission":"Auto"}', 'published', '2026-05-09T20:45:23.787949+00:00', '2026-05-09T20:45:23.787949+00:00', NULL, NULL, true, '/assets/toyota_rush.jpg', 0, '[]', 5, true, true, true, false, false, 2, 2, 1, NULL, 0, 0, 5, 0);
INSERT INTO vehicle_templates (id, slug, brand, model, year, category, transmission, fuel_type, seats, luggage_capacity, description, features, published_status, created_at, updated_at, engine_size, doors, air_conditioning, default_thumbnail, sort_order, tags, rating, has_hifi, has_bluetooth, has_usb, has_apple_carplay, has_android_auto, airbag_count, luggage_large, luggage_small, marketing_strikethrough_price, fixed_discount_amount, percentage_discount_rate, long_term_threshold_days, long_term_discount_percent) VALUES ('ebd4ff34-5447-4fdc-b14b-cd4d1512a3d5', NULL, 'Toyota', 'Vitz', NULL, 'Economy', NULL, NULL, 5, NULL, 'Compact and agile, the Toyota Vitz is perfect for solo travelers or couples looking for an easy-to-drive vehicle.', '{"ac":"A/C Full","bags":"1 Bag","fuel":"Petrol","baby_seat":true,"transmission":"Auto"}', 'published', '2026-05-09T20:45:23.787949+00:00', '2026-05-09T20:45:23.787949+00:00', NULL, NULL, true, '/assets/toyota_vitz.jpg', 0, '[]', 5, true, true, true, false, false, 2, 2, 1, NULL, 0, 0, 5, 0);

-- Data for table: vehicle_units
DELETE FROM vehicle_units;
INSERT INTO vehicle_units (id, vehicle_template_id, plate_number, vin_number, color, trim_variant, mileage, daily_price, weekly_price, monthly_price, security_deposit, availability_status, current_location, insurance_expiry, registration_expiry, last_service_date, next_service_date, notes, partner_id, created_at, updated_at) VALUES ('ce6c5e49-a840-4791-b224-7ab8974bb344', 'cd842dda-ddfe-4c8d-8db0-361f1ddd937e', 'TEMP-ce6c5e49', NULL, NULL, NULL, 0, 6000, NULL, NULL, NULL, 'available', NULL, NULL, NULL, NULL, NULL, NULL, NULL, '2026-05-09T20:45:23.787949+00:00', '2026-05-09T20:45:23.787949+00:00');
INSERT INTO vehicle_units (id, vehicle_template_id, plate_number, vin_number, color, trim_variant, mileage, daily_price, weekly_price, monthly_price, security_deposit, availability_status, current_location, insurance_expiry, registration_expiry, last_service_date, next_service_date, notes, partner_id, created_at, updated_at) VALUES ('70330e09-dfd1-44c0-bb0a-36490b2a18eb', 'e4f6c7e0-50b0-4a7c-a3e7-d4173a309abf', 'TEMP-70330e09', NULL, NULL, NULL, 0, 5500, NULL, NULL, NULL, 'available', NULL, NULL, NULL, NULL, NULL, NULL, NULL, '2026-05-09T20:45:23.787949+00:00', '2026-05-09T20:45:23.787949+00:00');
INSERT INTO vehicle_units (id, vehicle_template_id, plate_number, vin_number, color, trim_variant, mileage, daily_price, weekly_price, monthly_price, security_deposit, availability_status, current_location, insurance_expiry, registration_expiry, last_service_date, next_service_date, notes, partner_id, created_at, updated_at) VALUES ('0f94070e-7a8a-4405-a401-904ffe9b493f', '4837a2d5-875e-451d-97e8-eed5d70a025a', 'TEMP-0f94070e', NULL, NULL, NULL, 0, 1200, NULL, NULL, NULL, 'available', NULL, NULL, NULL, NULL, NULL, NULL, NULL, '2026-05-09T20:45:23.787949+00:00', '2026-05-09T20:45:23.787949+00:00');
INSERT INTO vehicle_units (id, vehicle_template_id, plate_number, vin_number, color, trim_variant, mileage, daily_price, weekly_price, monthly_price, security_deposit, availability_status, current_location, insurance_expiry, registration_expiry, last_service_date, next_service_date, notes, partner_id, created_at, updated_at) VALUES ('f4d9fc83-b51b-4e56-a32e-e3d25d59e3dd', '60d804ce-e7ab-4550-b0fa-70a14d6495f6', 'TEMP-f4d9fc83', NULL, NULL, NULL, 0, 1400, NULL, NULL, NULL, 'available', NULL, NULL, NULL, NULL, NULL, NULL, NULL, '2026-05-09T20:45:23.787949+00:00', '2026-05-09T20:45:23.787949+00:00');
INSERT INTO vehicle_units (id, vehicle_template_id, plate_number, vin_number, color, trim_variant, mileage, daily_price, weekly_price, monthly_price, security_deposit, availability_status, current_location, insurance_expiry, registration_expiry, last_service_date, next_service_date, notes, partner_id, created_at, updated_at) VALUES ('a7526ad4-cf40-48f7-87f4-b60511b4e8c1', '47141c66-d2de-4e61-b141-2757b083f2ce', 'TEMP-a7526ad4', NULL, NULL, NULL, 0, 12500, NULL, NULL, NULL, 'available', NULL, NULL, NULL, NULL, NULL, NULL, NULL, '2026-05-09T20:45:23.787949+00:00', '2026-05-09T20:45:23.787949+00:00');
INSERT INTO vehicle_units (id, vehicle_template_id, plate_number, vin_number, color, trim_variant, mileage, daily_price, weekly_price, monthly_price, security_deposit, availability_status, current_location, insurance_expiry, registration_expiry, last_service_date, next_service_date, notes, partner_id, created_at, updated_at) VALUES ('5b95217d-9fb1-4434-a48f-40810beb5904', '22e22d01-0c5e-4c46-9de0-0a7829d1e908', 'TEMP-5b95217d', NULL, NULL, NULL, 0, 3800, NULL, NULL, NULL, 'available', NULL, NULL, NULL, NULL, NULL, NULL, NULL, '2026-05-09T20:45:23.787949+00:00', '2026-05-09T20:45:23.787949+00:00');
INSERT INTO vehicle_units (id, vehicle_template_id, plate_number, vin_number, color, trim_variant, mileage, daily_price, weekly_price, monthly_price, security_deposit, availability_status, current_location, insurance_expiry, registration_expiry, last_service_date, next_service_date, notes, partner_id, created_at, updated_at) VALUES ('1f789b36-2c46-4dfd-8391-634065d99d12', '7f96179a-af7e-4380-b69b-b8520954c30c', 'TEMP-1f789b36', NULL, NULL, NULL, 0, 2100, NULL, NULL, NULL, 'available', NULL, NULL, NULL, NULL, NULL, NULL, NULL, '2026-05-09T20:45:23.787949+00:00', '2026-05-09T20:45:23.787949+00:00');
INSERT INTO vehicle_units (id, vehicle_template_id, plate_number, vin_number, color, trim_variant, mileage, daily_price, weekly_price, monthly_price, security_deposit, availability_status, current_location, insurance_expiry, registration_expiry, last_service_date, next_service_date, notes, partner_id, created_at, updated_at) VALUES ('e88a2ef3-db4b-4f0b-80f7-19d209609956', 'e7eefdd2-445f-4fe8-918c-0bfb9854ca9d', 'TEMP-e88a2ef3', NULL, NULL, NULL, 0, 5000, NULL, NULL, NULL, 'available', NULL, NULL, NULL, NULL, NULL, NULL, NULL, '2026-05-09T20:45:23.787949+00:00', '2026-05-09T20:45:23.787949+00:00');
INSERT INTO vehicle_units (id, vehicle_template_id, plate_number, vin_number, color, trim_variant, mileage, daily_price, weekly_price, monthly_price, security_deposit, availability_status, current_location, insurance_expiry, registration_expiry, last_service_date, next_service_date, notes, partner_id, created_at, updated_at) VALUES ('1519b411-37e8-4920-ae06-b6078b7e7aa4', 'dcf2c4f7-24fb-478b-b7a6-1a8abf1abcb0', 'TEMP-1519b411', NULL, NULL, NULL, 0, 2200, NULL, NULL, NULL, 'available', NULL, NULL, NULL, NULL, NULL, NULL, NULL, '2026-05-09T20:45:23.787949+00:00', '2026-05-09T20:45:23.787949+00:00');
INSERT INTO vehicle_units (id, vehicle_template_id, plate_number, vin_number, color, trim_variant, mileage, daily_price, weekly_price, monthly_price, security_deposit, availability_status, current_location, insurance_expiry, registration_expiry, last_service_date, next_service_date, notes, partner_id, created_at, updated_at) VALUES ('75d17d57-0cc7-4309-808d-43572b06cff1', '308dbd20-9f30-4a9b-8a86-95dfd98fd86e', 'TEMP-75d17d57', NULL, NULL, NULL, 0, 1100, NULL, NULL, NULL, 'available', NULL, NULL, NULL, NULL, NULL, NULL, NULL, '2026-05-09T20:45:23.787949+00:00', '2026-05-09T20:45:23.787949+00:00');
INSERT INTO vehicle_units (id, vehicle_template_id, plate_number, vin_number, color, trim_variant, mileage, daily_price, weekly_price, monthly_price, security_deposit, availability_status, current_location, insurance_expiry, registration_expiry, last_service_date, next_service_date, notes, partner_id, created_at, updated_at) VALUES ('35328282-815f-4167-9fbf-565ca9da5373', '9d53bca8-1bb7-47ca-80ea-943581da9342', 'TEMP-35328282', NULL, NULL, NULL, 0, 2800, NULL, NULL, NULL, 'available', NULL, NULL, NULL, NULL, NULL, NULL, NULL, '2026-05-09T20:45:23.787949+00:00', '2026-05-09T20:45:23.787949+00:00');
INSERT INTO vehicle_units (id, vehicle_template_id, plate_number, vin_number, color, trim_variant, mileage, daily_price, weekly_price, monthly_price, security_deposit, availability_status, current_location, insurance_expiry, registration_expiry, last_service_date, next_service_date, notes, partner_id, created_at, updated_at) VALUES ('eeba1383-e13d-44c1-ba56-66aba160eb17', '66f83d66-3fc0-4a10-bb9c-785ec62bfdcd', 'TEMP-eeba1383', NULL, NULL, NULL, 0, 3500, NULL, NULL, NULL, 'available', NULL, NULL, NULL, NULL, NULL, NULL, NULL, '2026-05-09T20:45:23.787949+00:00', '2026-05-09T20:45:23.787949+00:00');
INSERT INTO vehicle_units (id, vehicle_template_id, plate_number, vin_number, color, trim_variant, mileage, daily_price, weekly_price, monthly_price, security_deposit, availability_status, current_location, insurance_expiry, registration_expiry, last_service_date, next_service_date, notes, partner_id, created_at, updated_at) VALUES ('c81f7f59-e3aa-4231-a663-9da1a72c6363', '72d71af9-eaa9-45c7-87a5-8b4d8b6cc9f8', 'TEMP-c81f7f59', NULL, NULL, NULL, 0, 8500, NULL, NULL, NULL, 'available', NULL, NULL, NULL, NULL, NULL, NULL, NULL, '2026-05-09T20:45:23.787949+00:00', '2026-05-09T20:45:23.787949+00:00');
INSERT INTO vehicle_units (id, vehicle_template_id, plate_number, vin_number, color, trim_variant, mileage, daily_price, weekly_price, monthly_price, security_deposit, availability_status, current_location, insurance_expiry, registration_expiry, last_service_date, next_service_date, notes, partner_id, created_at, updated_at) VALUES ('db98f8a7-c074-4fc6-9609-32ebd068869d', '3c0187e4-2731-4299-a63d-8acb74465ea7', 'TEMP-db98f8a7', NULL, NULL, NULL, 0, 1900, NULL, NULL, NULL, 'available', NULL, NULL, NULL, NULL, NULL, NULL, NULL, '2026-05-09T20:45:23.787949+00:00', '2026-05-09T20:45:23.787949+00:00');
INSERT INTO vehicle_units (id, vehicle_template_id, plate_number, vin_number, color, trim_variant, mileage, daily_price, weekly_price, monthly_price, security_deposit, availability_status, current_location, insurance_expiry, registration_expiry, last_service_date, next_service_date, notes, partner_id, created_at, updated_at) VALUES ('cdde28e4-5dcc-4658-8464-00e47f7e8648', '27d430f1-c2b0-479e-a464-c5175c3f70cd', 'TEMP-cdde28e4', NULL, NULL, NULL, 0, 4200, NULL, NULL, NULL, 'available', NULL, NULL, NULL, NULL, NULL, NULL, NULL, '2026-05-09T20:45:23.787949+00:00', '2026-05-09T20:45:23.787949+00:00');
INSERT INTO vehicle_units (id, vehicle_template_id, plate_number, vin_number, color, trim_variant, mileage, daily_price, weekly_price, monthly_price, security_deposit, availability_status, current_location, insurance_expiry, registration_expiry, last_service_date, next_service_date, notes, partner_id, created_at, updated_at) VALUES ('e443f9cd-8f57-4009-9c26-f3e894983c73', '058b1dd6-4090-4fe5-9aba-7442f0a10c83', 'TEMP-e443f9cd', NULL, NULL, NULL, 0, 1600, NULL, NULL, NULL, 'available', NULL, NULL, NULL, NULL, NULL, NULL, NULL, '2026-05-09T20:45:23.787949+00:00', '2026-05-09T20:45:23.787949+00:00');
INSERT INTO vehicle_units (id, vehicle_template_id, plate_number, vin_number, color, trim_variant, mileage, daily_price, weekly_price, monthly_price, security_deposit, availability_status, current_location, insurance_expiry, registration_expiry, last_service_date, next_service_date, notes, partner_id, created_at, updated_at) VALUES ('c832368d-ab9c-4013-a70b-f55dbc7cb77d', '636796a2-0d5e-4c08-83cb-92da54b82a8e', 'TEMP-c832368d', NULL, NULL, NULL, 0, 2500, NULL, NULL, NULL, 'available', NULL, NULL, NULL, NULL, NULL, NULL, NULL, '2026-05-09T20:45:23.787949+00:00', '2026-05-09T20:45:23.787949+00:00');
INSERT INTO vehicle_units (id, vehicle_template_id, plate_number, vin_number, color, trim_variant, mileage, daily_price, weekly_price, monthly_price, security_deposit, availability_status, current_location, insurance_expiry, registration_expiry, last_service_date, next_service_date, notes, partner_id, created_at, updated_at) VALUES ('a31a3489-2c83-43a3-a2e7-af4477a4b697', 'f6e6a134-cc4d-40ef-9d6f-414a09bd8cd1', 'TEMP-a31a3489', NULL, NULL, NULL, 0, 1800, NULL, NULL, NULL, 'available', NULL, NULL, NULL, NULL, NULL, NULL, NULL, '2026-05-09T20:45:23.787949+00:00', '2026-05-09T20:45:23.787949+00:00');
INSERT INTO vehicle_units (id, vehicle_template_id, plate_number, vin_number, color, trim_variant, mileage, daily_price, weekly_price, monthly_price, security_deposit, availability_status, current_location, insurance_expiry, registration_expiry, last_service_date, next_service_date, notes, partner_id, created_at, updated_at) VALUES ('be93b30c-ee03-4d54-a75f-390cd72fb984', '051f313f-1c76-4a59-b771-b191f9480c57', 'TEMP-be93b30c', NULL, NULL, NULL, 0, 4800, NULL, NULL, NULL, 'available', NULL, NULL, NULL, NULL, NULL, NULL, NULL, '2026-05-09T20:45:23.787949+00:00', '2026-05-09T20:45:23.787949+00:00');
INSERT INTO vehicle_units (id, vehicle_template_id, plate_number, vin_number, color, trim_variant, mileage, daily_price, weekly_price, monthly_price, security_deposit, availability_status, current_location, insurance_expiry, registration_expiry, last_service_date, next_service_date, notes, partner_id, created_at, updated_at) VALUES ('03bb75ba-dae5-4d07-bac5-c69af891153e', 'ebd4ff34-5447-4fdc-b14b-cd4d1512a3d5', 'TEMP-03bb75ba', NULL, NULL, NULL, 0, 1600, NULL, NULL, NULL, 'available', NULL, NULL, NULL, NULL, NULL, NULL, NULL, '2026-05-09T20:45:23.787949+00:00', '2026-05-09T20:45:23.787949+00:00');
INSERT INTO vehicle_units (id, vehicle_template_id, plate_number, vin_number, color, trim_variant, mileage, daily_price, weekly_price, monthly_price, security_deposit, availability_status, current_location, insurance_expiry, registration_expiry, last_service_date, next_service_date, notes, partner_id, created_at, updated_at) VALUES ('15c58e47-1425-4f17-a485-ecf3ab658f75', '00a865b8-1437-448c-b729-1657686ec5ac', 'TEMP-15c58e47', NULL, NULL, NULL, 0, 1500, NULL, NULL, NULL, 'available', NULL, NULL, NULL, NULL, NULL, NULL, NULL, '2026-05-09T20:45:23.787949+00:00', '2026-05-09T20:45:23.787949+00:00');
INSERT INTO vehicle_units (id, vehicle_template_id, plate_number, vin_number, color, trim_variant, mileage, daily_price, weekly_price, monthly_price, security_deposit, availability_status, current_location, insurance_expiry, registration_expiry, last_service_date, next_service_date, notes, partner_id, created_at, updated_at) VALUES ('a46e71df-ff26-47b2-937d-7c73440f2deb', '047e50c8-31c3-4ac0-95bc-effa8bfa89cb', 'TEMP-a46e71df', NULL, NULL, NULL, 0, 1400, NULL, NULL, NULL, 'available', NULL, NULL, NULL, NULL, NULL, NULL, NULL, '2026-05-09T20:45:23.787949+00:00', '2026-05-09T20:45:23.787949+00:00');
INSERT INTO vehicle_units (id, vehicle_template_id, plate_number, vin_number, color, trim_variant, mileage, daily_price, weekly_price, monthly_price, security_deposit, availability_status, current_location, insurance_expiry, registration_expiry, last_service_date, next_service_date, notes, partner_id, created_at, updated_at) VALUES ('b870fb66-6ea3-47cc-a019-fa2ec29b3cb8', '696ae1dd-9e37-4629-b978-ab6a06343129', 'TEMP-b870fb66', NULL, NULL, NULL, 0, 1100, NULL, NULL, NULL, 'available', NULL, NULL, NULL, NULL, NULL, NULL, NULL, '2026-05-09T20:45:23.787949+00:00', '2026-05-09T20:45:23.787949+00:00');
INSERT INTO vehicle_units (id, vehicle_template_id, plate_number, vin_number, color, trim_variant, mileage, daily_price, weekly_price, monthly_price, security_deposit, availability_status, current_location, insurance_expiry, registration_expiry, last_service_date, next_service_date, notes, partner_id, created_at, updated_at) VALUES ('59a693a5-bfdd-4ba6-88b2-1f5db5007e0f', '9e2a6158-d0ee-4b8d-8e03-71fe872ad806', 'TEMP-59a693a5', NULL, NULL, NULL, 0, 3500, NULL, NULL, NULL, 'available', NULL, NULL, NULL, NULL, NULL, NULL, NULL, '2026-05-09T20:45:23.787949+00:00', '2026-05-09T20:45:23.787949+00:00');
INSERT INTO vehicle_units (id, vehicle_template_id, plate_number, vin_number, color, trim_variant, mileage, daily_price, weekly_price, monthly_price, security_deposit, availability_status, current_location, insurance_expiry, registration_expiry, last_service_date, next_service_date, notes, partner_id, created_at, updated_at) VALUES ('bddf33c2-bbef-4b8e-8f3b-cecbbc377cab', '01da5b74-af0e-4cb2-98eb-3932327cbd67', 'TEMP-bddf33c2', NULL, NULL, NULL, 0, 7500, NULL, NULL, NULL, 'available', NULL, NULL, NULL, NULL, NULL, NULL, NULL, '2026-05-09T20:45:23.787949+00:00', '2026-05-09T20:45:23.787949+00:00');
INSERT INTO vehicle_units (id, vehicle_template_id, plate_number, vin_number, color, trim_variant, mileage, daily_price, weekly_price, monthly_price, security_deposit, availability_status, current_location, insurance_expiry, registration_expiry, last_service_date, next_service_date, notes, partner_id, created_at, updated_at) VALUES ('5a7a864a-81e2-4c73-907f-c6d520d0340b', '46ef1357-2f1b-4309-8f46-b15bf7fe28a4', 'TEMP-5a7a864a', NULL, NULL, NULL, 0, 2000, NULL, NULL, NULL, 'available', NULL, NULL, NULL, NULL, NULL, NULL, NULL, '2026-05-09T20:45:23.787949+00:00', '2026-05-09T20:45:23.787949+00:00');
INSERT INTO vehicle_units (id, vehicle_template_id, plate_number, vin_number, color, trim_variant, mileage, daily_price, weekly_price, monthly_price, security_deposit, availability_status, current_location, insurance_expiry, registration_expiry, last_service_date, next_service_date, notes, partner_id, created_at, updated_at) VALUES ('d2b48b7b-9e01-4f16-bd65-b80195ab6036', '8dc05776-1f74-4fbf-84d4-89c563fcb602', 'TEMP-d2b48b7b', NULL, NULL, NULL, 0, 2100, NULL, NULL, NULL, 'available', NULL, NULL, NULL, NULL, NULL, NULL, NULL, '2026-05-09T20:45:23.787949+00:00', '2026-05-09T20:45:23.787949+00:00');
INSERT INTO vehicle_units (id, vehicle_template_id, plate_number, vin_number, color, trim_variant, mileage, daily_price, weekly_price, monthly_price, security_deposit, availability_status, current_location, insurance_expiry, registration_expiry, last_service_date, next_service_date, notes, partner_id, created_at, updated_at) VALUES ('19554efe-d62a-4c49-bc81-c2ad9214ee47', '8b56f052-828c-41ec-9ae9-4cdea9d50f52', 'TEMP-19554efe', NULL, NULL, NULL, 0, 3200, NULL, NULL, NULL, 'available', NULL, NULL, NULL, NULL, NULL, NULL, NULL, '2026-05-09T20:45:23.787949+00:00', '2026-05-09T20:45:23.787949+00:00');
INSERT INTO vehicle_units (id, vehicle_template_id, plate_number, vin_number, color, trim_variant, mileage, daily_price, weekly_price, monthly_price, security_deposit, availability_status, current_location, insurance_expiry, registration_expiry, last_service_date, next_service_date, notes, partner_id, created_at, updated_at) VALUES ('4e4d8126-b5e0-4b82-9419-a18af8d17838', 'f99cca9a-d05f-4279-9f84-f32c56586a25', 'TEMP-4e4d8126', NULL, NULL, NULL, 0, 1650, NULL, NULL, NULL, 'available', NULL, NULL, NULL, NULL, NULL, NULL, NULL, '2026-05-09T20:45:23.787949+00:00', '2026-05-09T20:45:23.787949+00:00');

-- Data for table: vehicle_template_images
DELETE FROM vehicle_template_images;
INSERT INTO vehicle_template_images (id, vehicle_template_id, image_url, sort_order, created_at) VALUES ('77891109-f572-48d2-84c9-9ed0dc1fd92f', '051f313f-1c76-4a59-b771-b191f9480c57', '/assets/audi_a4.png', 0, '2026-05-11T10:32:48.694182+00:00');
INSERT INTO vehicle_template_images (id, vehicle_template_id, image_url, sort_order, created_at) VALUES ('8e60d333-075f-45bc-b31c-cd8e18812842', '01da5b74-af0e-4cb2-98eb-3932327cbd67', 'https://images.unsplash.com/photo-1555215695-3004980ad54e?auto=format&fit=crop&q=80&w=800', 0, '2026-05-11T10:32:48.694182+00:00');
INSERT INTO vehicle_template_images (id, vehicle_template_id, image_url, sort_order, created_at) VALUES ('d906731e-1bc7-4d13-9393-5a41525ffcc2', '72d71af9-eaa9-45c7-87a5-8b4d8b6cc9f8', '/assets/bmw_x3.png', 0, '2026-05-11T10:32:48.694182+00:00');
INSERT INTO vehicle_template_images (id, vehicle_template_id, image_url, sort_order, created_at) VALUES ('2cd53713-2e90-4b74-8605-e420e46e78c2', '696ae1dd-9e37-4629-b978-ab6a06343129', '/assets/citroen_c1.png', 0, '2026-05-11T10:32:48.694182+00:00');
INSERT INTO vehicle_template_images (id, vehicle_template_id, image_url, sort_order, created_at) VALUES ('c0b02e44-cdcc-43f9-a9dc-6c6d4b41e76a', '7f96179a-af7e-4380-b69b-b8520954c30c', 'https://images.unsplash.com/photo-1630136595568-5df043c71490?auto=format&fit=crop&q=80&w=802', 0, '2026-05-11T10:32:48.694182+00:00');
INSERT INTO vehicle_template_images (id, vehicle_template_id, image_url, sort_order, created_at) VALUES ('bcde3d28-e30d-42b8-8c49-9a43164f3009', 'cb71456f-ba93-4fb6-8540-04957d30d370', '/assets/honda_jazz.png', 0, '2026-05-11T10:32:48.694182+00:00');
INSERT INTO vehicle_template_images (id, vehicle_template_id, image_url, sort_order, created_at) VALUES ('b4096690-fe55-4b28-a734-096ee6371659', 'dcf2c4f7-24fb-478b-b7a6-1a8abf1abcb0', '/assets/hyundai_accent.png', 0, '2026-05-11T10:32:48.694182+00:00');
INSERT INTO vehicle_template_images (id, vehicle_template_id, image_url, sort_order, created_at) VALUES ('b20ae2ea-5722-46f2-bd95-d3721275e9f3', '058b1dd6-4090-4fe5-9aba-7442f0a10c83', '/assets/hyundai_i10.png', 0, '2026-05-11T10:32:48.694182+00:00');
INSERT INTO vehicle_template_images (id, vehicle_template_id, image_url, sort_order, created_at) VALUES ('9afeb12b-c18f-4cd4-a8a9-18adf960d16c', '3c0187e4-2731-4299-a63d-8acb74465ea7', '/assets/hyundai_i20.jpg', 0, '2026-05-11T10:32:48.694182+00:00');
INSERT INTO vehicle_template_images (id, vehicle_template_id, image_url, sort_order, created_at) VALUES ('e0133932-8987-4d0f-a091-fdf99351050a', '9d53bca8-1bb7-47ca-80ea-943581da9342', '/assets/kia_cerato.jpg', 0, '2026-05-11T10:32:48.694182+00:00');
INSERT INTO vehicle_template_images (id, vehicle_template_id, image_url, sort_order, created_at) VALUES ('378d7641-3f2f-41e8-8b4e-cccb9f36256e', '047e50c8-31c3-4ac0-95bc-effa8bfa89cb', 'https://images.unsplash.com/photo-1630136595568-5df043c71490?auto=format&fit=crop&q=80&w=800', 0, '2026-05-11T10:32:48.694182+00:00');
INSERT INTO vehicle_template_images (id, vehicle_template_id, image_url, sort_order, created_at) VALUES ('f9f91014-25df-4798-82d0-349f201330e5', '8dc05776-1f74-4fbf-84d4-89c563fcb602', '/assets/kia_rio.jpg', 0, '2026-05-11T10:32:48.694182+00:00');
INSERT INTO vehicle_template_images (id, vehicle_template_id, image_url, sort_order, created_at) VALUES ('499d9d16-c483-4c0a-9687-c4793541bc21', '9e2a6158-d0ee-4b8d-8e03-71fe872ad806', 'https://images.unsplash.com/photo-1583121274602-3e2820c69888?auto=format&fit=crop&q=80&w=800', 0, '2026-05-11T10:32:48.694182+00:00');
INSERT INTO vehicle_template_images (id, vehicle_template_id, image_url, sort_order, created_at) VALUES ('8ade2849-58f5-457f-8959-e467e8cf94f8', 'cd842dda-ddfe-4c8d-8db0-361f1ddd937e', '/assets/kia_sportage_gt.png', 0, '2026-05-11T10:32:48.694182+00:00');
INSERT INTO vehicle_template_images (id, vehicle_template_id, image_url, sort_order, created_at) VALUES ('e264fd55-c02a-4cc0-9b59-85424238131e', 'e7eefdd2-445f-4fe8-918c-0bfb9854ca9d', '/assets/mercedes_cclass.png', 0, '2026-05-11T10:32:48.694182+00:00');
INSERT INTO vehicle_template_images (id, vehicle_template_id, image_url, sort_order, created_at) VALUES ('8ea14ca8-4588-4006-af1c-6976ce70a41f', 'e677f382-2475-4ec2-8749-7b38100d6805', '/assets/mini_cooper.jpg', 0, '2026-05-11T10:32:48.694182+00:00');
INSERT INTO vehicle_template_images (id, vehicle_template_id, image_url, sort_order, created_at) VALUES ('34c5e868-9290-40b0-89fe-7cb502403062', 'f6e6a134-cc4d-40ef-9d6f-414a09bd8cd1', '/assets/mitsubishi_attrage.jpg', 0, '2026-05-11T10:32:48.694182+00:00');
INSERT INTO vehicle_template_images (id, vehicle_template_id, image_url, sort_order, created_at) VALUES ('fbabcc68-9940-4bc5-b89a-86d54dcc40a7', '27d430f1-c2b0-479e-a464-c5175c3f70cd', '/assets/mitsubishi_xpander.jpg', 0, '2026-05-11T10:32:48.694182+00:00');
INSERT INTO vehicle_template_images (id, vehicle_template_id, image_url, sort_order, created_at) VALUES ('97b379e9-3d28-4084-b7fc-2959421b1685', '00a865b8-1437-448c-b729-1657686ec5ac', '/assets/nissan_micra.png', 0, '2026-05-11T10:32:48.694182+00:00');
INSERT INTO vehicle_template_images (id, vehicle_template_id, image_url, sort_order, created_at) VALUES ('804c3c8a-d9f9-42dd-bd5a-422c78474b28', '8b56f052-828c-41ec-9ae9-4cdea9d50f52', '/assets/nissan_qashqai.jpg', 0, '2026-05-11T10:32:48.694182+00:00');
INSERT INTO vehicle_template_images (id, vehicle_template_id, image_url, sort_order, created_at) VALUES ('b6be060b-d7d3-4ff0-b51d-695eef7847f6', '4837a2d5-875e-451d-97e8-eed5d70a025a', '/assets/perodua_axia.jpg', 0, '2026-05-11T10:32:48.694182+00:00');
INSERT INTO vehicle_template_images (id, vehicle_template_id, image_url, sort_order, created_at) VALUES ('1d496d68-456d-4ad2-a4c1-dc2cb5d9222c', '308dbd20-9f30-4a9b-8a86-95dfd98fd86e', '/assets/perodua_viva.jpg', 0, '2026-05-11T10:32:48.694182+00:00');
INSERT INTO vehicle_template_images (id, vehicle_template_id, image_url, sort_order, created_at) VALUES ('79585c0b-0ec9-4031-9847-0a87061e472c', '47141c66-d2de-4e61-b141-2757b083f2ce', 'https://images.unsplash.com/photo-1503376780353-7e6692767b70?auto=format&fit=crop&q=80&w=800', 0, '2026-05-11T10:32:48.694182+00:00');
INSERT INTO vehicle_template_images (id, vehicle_template_id, image_url, sort_order, created_at) VALUES ('e6240340-93bf-48be-ac5a-1f6466e5a7ce', '60d804ce-e7ab-4550-b0fa-70a14d6495f6', '/assets/suzuki_celerio.png', 0, '2026-05-11T10:32:48.694182+00:00');
INSERT INTO vehicle_template_images (id, vehicle_template_id, image_url, sort_order, created_at) VALUES ('33ed5885-a42f-4227-8dd7-3989f071ece6', 'f99cca9a-d05f-4279-9f84-f32c56586a25', 'https://images.unsplash.com/photo-1630136595568-5df043c71490?auto=format&fit=crop&q=80&w=801', 0, '2026-05-11T10:32:48.694182+00:00');
INSERT INTO vehicle_template_images (id, vehicle_template_id, image_url, sort_order, created_at) VALUES ('06763a15-8f8d-49e4-9fbc-f9da28ced870', '636796a2-0d5e-4c08-83cb-92da54b82a8e', '/assets/suzuki_ertiga.jpg', 0, '2026-05-11T10:32:48.694182+00:00');
INSERT INTO vehicle_template_images (id, vehicle_template_id, image_url, sort_order, created_at) VALUES ('1d8ec283-cccc-4973-aed2-a315b70c4208', '46ef1357-2f1b-4309-8f46-b15bf7fe28a4', '/assets/toyota_allion.jpg', 0, '2026-05-11T10:32:48.694182+00:00');
INSERT INTO vehicle_template_images (id, vehicle_template_id, image_url, sort_order, created_at) VALUES ('39eb05ba-984b-4cb7-8bbd-cefb8cb071b4', '66f83d66-3fc0-4a10-bb9c-785ec62bfdcd', '/assets/toyota_avanza.png', 0, '2026-05-11T10:32:48.694182+00:00');
INSERT INTO vehicle_template_images (id, vehicle_template_id, image_url, sort_order, created_at) VALUES ('c3ce9d9a-ef0a-4525-bbc9-17f9f95ba0bc', 'e4f6c7e0-50b0-4a7c-a3e7-d4173a309abf', '/assets/toyota_hilux.jpg', 0, '2026-05-11T10:32:48.694182+00:00');
INSERT INTO vehicle_template_images (id, vehicle_template_id, image_url, sort_order, created_at) VALUES ('ed371c94-5c55-4077-bfa0-035d7a8ece03', '22e22d01-0c5e-4c46-9de0-0a7829d1e908', '/assets/toyota_rush.jpg', 0, '2026-05-11T10:32:48.694182+00:00');
INSERT INTO vehicle_template_images (id, vehicle_template_id, image_url, sort_order, created_at) VALUES ('f6b1fe70-ecdb-4d2a-8191-f2fdba99e420', 'ebd4ff34-5447-4fdc-b14b-cd4d1512a3d5', '/assets/toyota_vitz.jpg', 0, '2026-05-11T10:32:48.694182+00:00');

-- Data for table: booking_extras
DELETE FROM booking_extras;
INSERT INTO booking_extras (id, name, description, price_per_day, price_type, category, icon_name, is_active, created_at, updated_at) VALUES ('e0dc8a01-ced6-4664-88e8-5060e889bccb', 'Child Seat (0-4 yrs)', 'ISOFIX compatible comfortable child safety seat.', 150, 'per_day', 'Safety', 'Baby', true, '2026-05-11T12:41:24.66389+00:00', '2026-05-11T12:41:24.66389+00:00');
INSERT INTO booking_extras (id, name, description, price_per_day, price_type, category, icon_name, is_active, created_at, updated_at) VALUES ('b30028a3-2cb1-4f3b-bc95-6e4945d6135d', 'Full Insurance (Waiver)', 'Zero-excess insurance coverage for peace of mind.', 800, 'per_day', 'Insurance', 'ShieldCheck', true, '2026-05-11T12:41:24.66389+00:00', '2026-05-11T12:41:24.66389+00:00');
INSERT INTO booking_extras (id, name, description, price_per_day, price_type, category, icon_name, is_active, created_at, updated_at) VALUES ('891c56c4-c8c7-40ac-9ee1-819848e2b638', 'Roof Rack', 'Heavy-duty roof rack for extra luggage or sports equipment.', 300, 'per_day', 'Utility', 'Package', true, '2026-05-11T12:41:24.66389+00:00', '2026-05-11T12:41:24.66389+00:00');
INSERT INTO booking_extras (id, name, description, price_per_day, price_type, category, icon_name, is_active, created_at, updated_at) VALUES ('e258535b-a2f2-4d41-a3f6-7dab7a1e6d52', 'Bouquet of Flowers', NULL, 2500, 'per_day', 'luxury', 'Flower', true, '2026-05-12T07:59:00.037013+00:00', '2026-05-12T07:59:00.037013+00:00');
INSERT INTO booking_extras (id, name, description, price_per_day, price_type, category, icon_name, is_active, created_at, updated_at) VALUES ('486e4f0f-9404-45da-88d5-43a6f063ca03', 'SIM Card (Unlimited Data)', NULL, 600, 'per_day', 'tech', 'Smartphone', true, '2026-05-12T09:04:19.467645+00:00', '2026-05-12T09:04:19.467645+00:00');
INSERT INTO booking_extras (id, name, description, price_per_day, price_type, category, icon_name, is_active, created_at, updated_at) VALUES ('d6307ad5-3057-4795-9b5c-f1a1dcc83ebf', 'Airport Pick Up', NULL, 1000, 'per_day', 'logistics', 'MapPin', true, '2026-05-12T11:44:39.227033+00:00', '2026-05-12T11:44:39.227033+00:00');
INSERT INTO booking_extras (id, name, description, price_per_day, price_type, category, icon_name, is_active, created_at, updated_at) VALUES ('a92fee54-50c4-4d3d-8c71-cf1c3704ba96', 'Airport Drop Off', NULL, 1000, 'per_day', 'logistics', 'MapPin', true, '2026-05-12T11:44:39.227033+00:00', '2026-05-12T11:44:39.227033+00:00');
INSERT INTO booking_extras (id, name, description, price_per_day, price_type, category, icon_name, is_active, created_at, updated_at) VALUES ('2f315ae9-120d-437e-9563-139f0a260892', 'Airport Premium Meet & Greet', NULL, 1500, 'per_day', 'logistics', 'UserPlus', true, '2026-05-12T11:44:39.227033+00:00', '2026-05-12T11:44:39.227033+00:00');

-- Data for table: customers
DELETE FROM customers;
INSERT INTO customers (id, name, email, phone, license_number, created_at, updated_at) VALUES ('45dc6f5c-b383-465f-8660-399b89ba0212', 'SQL Test', 'sqltest@antigravity.ai', NULL, NULL, '2026-05-09T22:28:43.729616+00:00', '2026-05-09T22:28:43.729616+00:00');
INSERT INTO customers (id, name, email, phone, license_number, created_at, updated_at) VALUES ('da03213a-9d4d-4a4f-a8a4-cdfc39d65de1', 'Antigravity Tester', 'tester@antigravity.ai', NULL, NULL, '2026-05-09T22:28:57.362575+00:00', '2026-05-09T22:28:57.362575+00:00');
INSERT INTO customers (id, name, email, phone, license_number, created_at, updated_at) VALUES ('4995a236-dab0-49c1-b8b6-9be09b3d2240', 'Ben', 'devenpawaray@gmail.com', NULL, NULL, '2026-05-09T22:30:16.702989+00:00', '2026-05-09T22:30:16.702989+00:00');
INSERT INTO customers (id, name, email, phone, license_number, created_at, updated_at) VALUES ('e0598a43-49b2-4068-9ebd-d74254823529', 'Test User', 'test@example.com', '', NULL, '2026-05-11T16:48:47.82793+00:00', '2026-05-11T16:48:47.82793+00:00');
INSERT INTO customers (id, name, email, phone, license_number, created_at, updated_at) VALUES ('16b47f79-5b78-4ca7-8cb9-d1bdda736d6e', 'Ab qui vitae volupta', 'hopefo@example.com', '', NULL, '2026-05-11T16:49:33.571411+00:00', '2026-05-11T16:49:33.571411+00:00');
INSERT INTO customers (id, name, email, phone, license_number, created_at, updated_at) VALUES ('930f0221-566e-459b-92f3-5693ce904a1d', 'Test User 2', 'test2@example.com', '', NULL, '2026-05-11T16:50:29.270017+00:00', '2026-05-11T16:50:29.270017+00:00');
INSERT INTO customers (id, name, email, phone, license_number, created_at, updated_at) VALUES ('d6f2a450-53da-4af9-8e74-eafa2d6a904d', 'Nisi id expedita ab ', 'morujetus@mailinator.com', '', NULL, '2026-05-12T07:52:33.794776+00:00', '2026-05-12T07:52:33.794776+00:00');
INSERT INTO customers (id, name, email, phone, license_number, created_at, updated_at) VALUES ('a7e9fb83-5d64-453b-90f8-5ffce5f6778d', '', '', '', NULL, '2026-05-12T11:43:08.560595+00:00', '2026-05-12T11:43:08.560595+00:00');
INSERT INTO customers (id, name, email, phone, license_number, created_at, updated_at) VALUES ('fd16e0fd-9d2d-4b10-8879-e986d8b26217', 'Assumenda Nam esse ', 'noqot@mailinator.com', '+1 (912) 709-8811', NULL, '2026-05-13T11:26:06.660037+00:00', '2026-05-13T11:26:06.660037+00:00');
INSERT INTO customers (id, name, email, phone, license_number, created_at, updated_at) VALUES ('a91ad683-bca4-4821-92ff-57d94ae106ec', 'Test JR', 'jr@test.com', '57889966', NULL, '2026-05-13T12:48:26.551463+00:00', '2026-05-13T12:48:26.551463+00:00');

-- Data for table: rentals
DELETE FROM rentals;
INSERT INTO rentals (id, customer_id, vehicle_unit_id, pickup_datetime, return_datetime, total_price, status, created_at, updated_at, pickup_address, return_address, pickup_location_type, return_location_type, subtotal, tax_amount, total_amount, agreed_to_terms, internal_comments) VALUES ('78550ffb-3638-471f-a482-7e27399b6c7c', '4995a236-dab0-49c1-b8b6-9be09b3d2240', 'bddf33c2-bbef-4b8e-8f3b-cecbbc377cab', '2026-05-11T00:00:00+00:00', '2026-05-18T00:00:00+00:00', 31500, 'pending', '2026-05-09T22:30:16.959573+00:00', '2026-05-09T22:30:16.959573+00:00', NULL, NULL, 'airport', 'airport', 0, 0, 0, false, NULL);
INSERT INTO rentals (id, customer_id, vehicle_unit_id, pickup_datetime, return_datetime, total_price, status, created_at, updated_at, pickup_address, return_address, pickup_location_type, return_location_type, subtotal, tax_amount, total_amount, agreed_to_terms, internal_comments) VALUES ('b4df1807-3972-4547-ae59-8d36620cd19f', 'da03213a-9d4d-4a4f-a8a4-cdfc39d65de1', 'bddf33c2-bbef-4b8e-8f3b-cecbbc377cab', '2026-05-20T00:00:00+00:00', '2026-05-25T00:00:00+00:00', 22500, 'pending', '2026-05-09T22:30:20.942672+00:00', '2026-05-09T22:30:20.942672+00:00', NULL, NULL, 'airport', 'airport', 0, 0, 0, false, NULL);
INSERT INTO rentals (id, customer_id, vehicle_unit_id, pickup_datetime, return_datetime, total_price, status, created_at, updated_at, pickup_address, return_address, pickup_location_type, return_location_type, subtotal, tax_amount, total_amount, agreed_to_terms, internal_comments) VALUES ('6931fc69-348b-4790-8e97-1a66cda06630', '45dc6f5c-b383-465f-8660-399b89ba0212', 'be93b30c-ee03-4d54-a75f-390cd72fb984', '2026-05-10T00:00:00+00:00', '2026-05-13T00:00:00+00:00', 14400, 'collected', '2026-05-10T17:00:48.373191+00:00', '2026-05-10T17:00:48.373191+00:00', NULL, NULL, 'airport', 'airport', 0, 0, 0, false, NULL);
INSERT INTO rentals (id, customer_id, vehicle_unit_id, pickup_datetime, return_datetime, total_price, status, created_at, updated_at, pickup_address, return_address, pickup_location_type, return_location_type, subtotal, tax_amount, total_amount, agreed_to_terms, internal_comments) VALUES ('79a6668f-2b79-42cd-94a4-96108613a3ce', 'a7e9fb83-5d64-453b-90f8-5ffce5f6778d', '15c58e47-1425-4f17-a485-ecf3ab658f75', '2026-05-12T01:27:00+00:00', '2026-05-19T03:54:00+00:00', NULL, 'pending', '2026-05-12T11:43:08.857446+00:00', '2026-05-12T11:43:08.857446+00:00', 'Ex pariatur Tempora', 'Qui numquam cillum a', 'airport', 'airport', 61600, 9240, 70840, true, NULL);
INSERT INTO rentals (id, customer_id, vehicle_unit_id, pickup_datetime, return_datetime, total_price, status, created_at, updated_at, pickup_address, return_address, pickup_location_type, return_location_type, subtotal, tax_amount, total_amount, agreed_to_terms, internal_comments) VALUES ('b64705c6-ae1d-4db3-a7b9-4ef05eedbfaf', 'a7e9fb83-5d64-453b-90f8-5ffce5f6778d', '19554efe-d62a-4c49-bc81-c2ad9214ee47', '2026-05-12T01:28:00+00:00', '2026-05-30T02:23:00+00:00', NULL, 'pending', '2026-05-12T11:46:29.213346+00:00', '2026-05-12T11:46:29.213346+00:00', 'Iure et eiusmod quae', 'Reiciendis nesciunt', 'airport', 'airport', 114000, 17100, 131100, true, NULL);
INSERT INTO rentals (id, customer_id, vehicle_unit_id, pickup_datetime, return_datetime, total_price, status, created_at, updated_at, pickup_address, return_address, pickup_location_type, return_location_type, subtotal, tax_amount, total_amount, agreed_to_terms, internal_comments) VALUES ('99d55cca-2597-4e18-b612-39e445da5934', 'a7e9fb83-5d64-453b-90f8-5ffce5f6778d', '15c58e47-1425-4f17-a485-ecf3ab658f75', '2026-05-12T22:00:00+00:00', '2026-05-14T10:00:00+00:00', NULL, 'pending', '2026-05-12T14:53:12.410749+00:00', '2026-05-12T14:53:12.410749+00:00', 'Ad deleniti do porro', 'Laborum Voluptatem', 'airport', 'airport', 6600, 990, 7590, true, NULL);
INSERT INTO rentals (id, customer_id, vehicle_unit_id, pickup_datetime, return_datetime, total_price, status, created_at, updated_at, pickup_address, return_address, pickup_location_type, return_location_type, subtotal, tax_amount, total_amount, agreed_to_terms, internal_comments) VALUES ('2f15cbb0-8b0e-49e7-9bb7-be7a039d1aa9', '4995a236-dab0-49c1-b8b6-9be09b3d2240', 'cdde28e4-5dcc-4658-8464-00e47f7e8648', '2026-05-13T10:00:00+00:00', '2026-05-27T10:00:00+00:00', NULL, 'pending', '2026-05-12T16:04:48.833875+00:00', '2026-05-12T16:04:48.833875+00:00', 'Royal Road Albion', 'Royal Road Albion', 'airport', 'airport', 106400, 15960, 122360, true, NULL);
INSERT INTO rentals (id, customer_id, vehicle_unit_id, pickup_datetime, return_datetime, total_price, status, created_at, updated_at, pickup_address, return_address, pickup_location_type, return_location_type, subtotal, tax_amount, total_amount, agreed_to_terms, internal_comments) VALUES ('d40e4cb1-2ac1-405f-8776-b6a6f6835016', '4995a236-dab0-49c1-b8b6-9be09b3d2240', NULL, '2026-05-14T10:00:00+00:00', '2026-05-27T10:00:00+00:00', NULL, 'pending', '2026-05-13T11:03:07.624011+00:00', '2026-05-13T11:03:07.624011+00:00', 'Allée Père Laval, Sainte Croix', 'Royal Road Albion', 'airport', 'airport', 60450, 9067.5, 69517.5, true, NULL);
INSERT INTO rentals (id, customer_id, vehicle_unit_id, pickup_datetime, return_datetime, total_price, status, created_at, updated_at, pickup_address, return_address, pickup_location_type, return_location_type, subtotal, tax_amount, total_amount, agreed_to_terms, internal_comments) VALUES ('0277b2c7-9232-492a-a5a0-0e166bdae237', 'fd16e0fd-9d2d-4b10-8879-e986d8b26217', '70330e09-dfd1-44c0-bb0a-36490b2a18eb', '2020-12-24T18:50:00+00:00', '2016-11-28T21:38:00+00:00', NULL, 'pending', '2026-05-13T11:26:06.926643+00:00', '2026-05-13T11:26:06.926643+00:00', 'Blanditiis nesciunt', 'Nostrud qui cupidata', 'airport', 'airport', 3500, 525, 4025, true, NULL);
INSERT INTO rentals (id, customer_id, vehicle_unit_id, pickup_datetime, return_datetime, total_price, status, created_at, updated_at, pickup_address, return_address, pickup_location_type, return_location_type, subtotal, tax_amount, total_amount, agreed_to_terms, internal_comments) VALUES ('8f49f5ea-fa0b-40db-bd7b-3576a2a169b9', 'a91ad683-bca4-4821-92ff-57d94ae106ec', 'c81f7f59-e3aa-4231-a663-9da1a72c6363', '2026-05-16T10:00:00+00:00', '2026-05-20T10:00:00+00:00', NULL, 'pending', '2026-05-13T12:48:26.861531+00:00', '2026-05-13T12:48:26.861531+00:00', 'Casuarina Hotel', 'SSR Airport', 'airport', 'airport', 26200, 3930, 30130, true, NULL);

-- Data for table: contact_messages
DELETE FROM contact_messages;
INSERT INTO contact_messages (id, name, email, phone, message, status, created_at) VALUES ('e7bb2675-931d-49d2-b1b5-5c9b31cf3243', 'test', 'test@example.com', '51234567', 'ghjghjghjg', 'read', '2026-05-09T22:34:57.924739+00:00');
INSERT INTO contact_messages (id, name, email, phone, message, status, created_at) VALUES ('34ff4fac-8db0-4750-86fa-049ed6accf7d', 'Test User', 'test@example.com', '', 'Vehicle: BMW X3 M40i
Dates:  to 
Extras: Additional Driver, Full Insurance (Waiver)

Notes: ', 'new', '2026-05-11T16:48:48.367335+00:00');
INSERT INTO contact_messages (id, name, email, phone, message, status, created_at) VALUES ('fd85df02-cbd0-49e2-a68f-dcd8175e1ad8', 'Ab qui vitae volupta', 'hopefo@example.com', '', 'Vehicle: Perodua Viva Elite
Dates: 2026-05-18 to 2026-05-25
Extras: 

Notes: ', 'new', '2026-05-11T16:49:34.377191+00:00');
INSERT INTO contact_messages (id, name, email, phone, message, status, created_at) VALUES ('32fdc0a7-02c7-4328-b64e-097d4843b107', 'Test User 2', 'test2@example.com', '', 'Vehicle: BMW X3 M40i
Dates:  to 
Extras: 

Notes: ', 'new', '2026-05-11T16:50:30.217943+00:00');
INSERT INTO contact_messages (id, name, email, phone, message, status, created_at) VALUES ('34f834d4-9ea8-4ddd-a559-3dd3331ebf59', 'Nisi id expedita ab ', 'morujetus@mailinator.com', '', 'Vehicle: Hyundai Accent
Dates: 1991-12-15 to 2022-11-11
Extras: 

Notes: ', 'new', '2026-05-12T07:52:34.340007+00:00');
INSERT INTO contact_messages (id, name, email, phone, message, status, created_at) VALUES ('38e3560e-2b5c-4353-b7af-e2385d7ab15d', '', '', '', 'Vehicle: Nissan Micra
Dates: 2026-05-12 01:27 to 2026-05-19 03:54
Pickup: airport (Ex pariatur Tempora)
Return: airport (Qui numquam cillum a)
Extras: Booster Seat (4-12 yrs), Additional Driver, Child Seat (0-4 yrs), Child Car Seat, Full Insurance (Waiver), Apple CarPlay / Android Auto, SIM Card (Unlimited Data), Mobile WiFi Hotspot, GPS Navigation, Roof Rack, Bouquet of Flowers
Total: Rs 70,840

Notes: Atque laboriosam en', 'new', '2026-05-12T11:43:09.146689+00:00');
INSERT INTO contact_messages (id, name, email, phone, message, status, created_at) VALUES ('987bffff-78a9-4d77-b501-74e9c3b3b1ae', '', '', '', 'Vehicle: Nissan Qashqai
Dates: 2026-05-12 01:28 to 2026-05-30 02:23
Pickup: airport (Iure et eiusmod quae)
Return: airport (Reiciendis nesciunt)
Extras: Airport Drop Off, Child Car Seat, Child Seat (0-4 yrs), GPS Navigation, Mobile WiFi Hotspot, SIM Card (Unlimited Data)
Total: Rs 131,100

Notes: Ratione officia culp', 'new', '2026-05-12T11:46:29.467578+00:00');
INSERT INTO contact_messages (id, name, email, phone, message, status, created_at) VALUES ('d90c02f7-55cb-41f5-a643-4769887e359d', '', '', '', 'Vehicle: Nissan Micra
Dates: 2026-05-12 22:00 to 2026-05-14 10:00
Pickup: airport (Ad deleniti do porro)
Return: airport (Laborum Voluptatem)
Extras: Full Insurance (Waiver), Airport Drop Off
Total: Rs 7,590

Notes: ', 'new', '2026-05-12T14:53:12.695159+00:00');
INSERT INTO contact_messages (id, name, email, phone, message, status, created_at) VALUES ('8c11fb33-6b47-4582-85aa-f1ed3da34d69', 'Nicolas Lazarre', 'devenpawaray@gmail.com', '+23058169420', 'Vehicle: General Inquiry
Dates: 2026-05-13 to 2026-05-28
Delivery: agency
Extras: 

Message: ', 'new', '2026-05-12T15:56:43.909294+00:00');
INSERT INTO contact_messages (id, name, email, phone, message, status, created_at) VALUES ('822b704b-70fb-4d22-bef0-d264018a9aef', 'Nicolas Lazarre', 'devenpawaray@gmail.com', '58169420', 'Vehicle: Mitsubishi Xpander
Dates: 2026-05-13 10:00 to 2026-05-27 10:00
Pickup: airport (Royal Road Albion)
Return: airport (Royal Road Albion)
Extras: Full Insurance (Waiver), Airport Pick Up, Baby Seat, Mobile WiFi Hotspot, Roof Rack
Total: Rs 122,360

Notes: ', 'new', '2026-05-12T16:04:49.096166+00:00');
INSERT INTO contact_messages (id, name, email, phone, message, status, created_at) VALUES ('72f4c8af-eee9-47d3-8558-5e546fd30ef2', 'Deven Pawaray', 'devenpawaray@gmail.com', '58169420', 'Vehicle: Honda Jazz
Dates: 2026-05-14 10:00 to 2026-05-27 10:00
Pickup: airport (Allée Père Laval, Sainte Croix)
Return: airport (Royal Road Albion)
Extras: Full Insurance (Waiver), Airport Premium Meet & Greet, Baby Seat
Total: Rs 69,518

Notes: ', 'new', '2026-05-13T11:03:07.959929+00:00');
INSERT INTO contact_messages (id, name, email, phone, message, status, created_at) VALUES ('773def8e-a415-4237-a7f3-aef90a8de819', 'Assumenda Nam esse ', 'noqot@mailinator.com', '+1 (912) 709-8811', 'Vehicle: Toyota Hilux
Dates: 2020-12-24 18:50 to 2016-11-28 21:38
Pickup: airport (Blanditiis nesciunt)
Return: airport (Nostrud qui cupidata)
Extras: Airport Pick Up, Airport Drop Off
Total: Rs 4,025

Notes: Id explicabo Itaque', 'new', '2026-05-13T11:26:07.180738+00:00');
INSERT INTO contact_messages (id, name, email, phone, message, status, created_at) VALUES ('10ee8076-bf83-4854-8466-c41665332d89', 'Test JR', 'jr@test.com', '57889966', 'Vehicle: BMW X3 M40i
Dates: 2026-05-16 10:00 to 2026-05-20 10:00
Pickup: airport (Casuarina Hotel)
Return: airport (SSR Airport)
Extras: Full Insurance (Waiver), Airport Drop Off, Bouquet of Flowers, Child Seat (0-4 yrs), SIM Card (Unlimited Data)
Total: Rs 30,130

Notes: JR is testing the booking.', 'new', '2026-05-13T12:48:27.160475+00:00');

SET session_replication_role = 'origin'; -- Re-enable triggers
